cohort,dataset,outcome,representation,model,n,pearson_r,spearman_rho,prediction_sd,pearson_ci_2_5,pearson_ci_97_5,spearman_ci_2_5,spearman_ci_97_5,successful_bootstraps,metric_note
GDSC2_strict_sanger_heldout,GDSC2,LN_IC50,Hallmark pathways,Mean baseline,351,,,1.1102230246251565e-16,,,,,0,Correlations only; PRISM and GDSC outcomes use different measurement scales.
GDSC2_strict_sanger_heldout,GDSC2,LN_IC50,Hallmark pathways,Elastic Net,351,0.5124385069534468,0.5806787656787656,0.7642037048191609,0.43164801125039487,0.5901405378385047,0.4997757258912744,0.6466897489283135,1000,Correlations only; PRISM and GDSC outcomes use different measurement scales.
GDSC2_strict_sanger_heldout,GDSC2,LN_IC50,Hallmark pathways,Random forest,351,0.3933553801966151,0.43098679098679094,0.44019896727180663,0.298570289876949,0.4772303940359937,0.33299603715614207,0.519233787260959,1000,Correlations only; PRISM and GDSC outcomes use different measurement scales.
GDSC2_strict_sanger_heldout,GDSC2,AUC,Hallmark pathways,Mean baseline,351,,,1.1102230246251565e-16,,,,,0,Correlations only; PRISM and GDSC outcomes use different measurement scales.
GDSC2_strict_sanger_heldout,GDSC2,AUC,Hallmark pathways,Elastic Net,351,0.4418372182657741,0.5603818403818404,0.7642037048191609,0.3615739814096778,0.5212490409433567,0.4751474396896239,0.6301523657945709,1000,Correlations only; PRISM and GDSC outcomes use different measurement scales.
GDSC2_strict_sanger_heldout,GDSC2,AUC,Hallmark pathways,Random forest,351,0.30598045490728987,0.34780996780996776,0.44019896727180663,0.21352237000631785,0.3922326278435445,0.2506435096605609,0.439809011288966,1000,Correlations only; PRISM and GDSC outcomes use different measurement scales.
GDSC2_heldout_all_expression_sources,GDSC2,LN_IC50,Hallmark pathways,Mean baseline,556,,,1.1102230246251565e-16,,,,,0,Correlations only; PRISM and GDSC outcomes use different measurement scales.
GDSC2_heldout_all_expression_sources,GDSC2,LN_IC50,Hallmark pathways,Elastic Net,556,0.49985445987452076,0.5635301473024114,0.8584148077260367,0.4322412572443397,0.5658430500614368,0.5030095757754064,0.620141332342261,1000,Correlations only; PRISM and GDSC outcomes use different measurement scales.
GDSC2_heldout_all_expression_sources,GDSC2,LN_IC50,Hallmark pathways,Random forest,556,0.4179785780453233,0.44593802176949304,0.48143137813227843,0.34746837525252694,0.4800899807461767,0.37008049049708797,0.5142425865294267,1000,Correlations only; PRISM and GDSC outcomes use different measurement scales.
GDSC2_heldout_all_expression_sources,GDSC2,AUC,Hallmark pathways,Mean baseline,556,,,1.1102230246251565e-16,,,,,0,Correlations only; PRISM and GDSC outcomes use different measurement scales.
GDSC2_heldout_all_expression_sources,GDSC2,AUC,Hallmark pathways,Elastic Net,556,0.4433948554746454,0.5161517935745682,0.8584148077260367,0.3590416840972687,0.5150157262091875,0.4368943386655796,0.5811947623230113,1000,Correlations only; PRISM and GDSC outcomes use different measurement scales.
GDSC2_heldout_all_expression_sources,GDSC2,AUC,Hallmark pathways,Random forest,556,0.33578504470078663,0.3460795170538932,0.48143137813227843,0.26665598669865626,0.40353438658988156,0.27112422377144163,0.4218395548895422,1000,Correlations only; PRISM and GDSC outcomes use different measurement scales.
GDSC1_strict_sanger_heldout,GDSC1,LN_IC50,Hallmark pathways,Mean baseline,319,,,1.1102230246251565e-16,,,,,0,Correlations only; PRISM and GDSC outcomes use different measurement scales.
GDSC1_strict_sanger_heldout,GDSC1,LN_IC50,Hallmark pathways,Elastic Net,319,0.48072348553861666,0.5400969273082156,0.7675878429179902,0.3709577971423739,0.5871491909586082,0.4570626509861317,0.6176218690877486,1000,Correlations only; PRISM and GDSC outcomes use different measurement scales.
GDSC1_strict_sanger_heldout,GDSC1,LN_IC50,Hallmark pathways,Random forest,319,0.3074104916765897,0.3080092565209676,0.4348644043188022,0.20279501656972632,0.39990928498128064,0.19328986916239665,0.4047941009736005,1000,Correlations only; PRISM and GDSC outcomes use different measurement scales.
GDSC1_strict_sanger_heldout,GDSC1,AUC,Hallmark pathways,Mean baseline,319,,,1.1102230246251565e-16,,,,,0,Correlations only; PRISM and GDSC outcomes use different measurement scales.
GDSC1_strict_sanger_heldout,GDSC1,AUC,Hallmark pathways,Elastic Net,319,0.4389192549238187,0.514230052640918,0.7675878429179902,0.31668872862206887,0.5461355996750461,0.4260253255485257,0.5922263380299215,1000,Correlations only; PRISM and GDSC outcomes use different measurement scales.
GDSC1_strict_sanger_heldout,GDSC1,AUC,Hallmark pathways,Random forest,319,0.2717447720142775,0.26278316673567165,0.4348644043188022,0.17702194121460307,0.3646632445309285,0.15316401223650647,0.3626841753769367,1000,Correlations only; PRISM and GDSC outcomes use different measurement scales.
GDSC1_heldout_all_expression_sources,GDSC1,LN_IC50,Hallmark pathways,Mean baseline,502,,,0.0,,,,,0,Correlations only; PRISM and GDSC outcomes use different measurement scales.
GDSC1_heldout_all_expression_sources,GDSC1,LN_IC50,Hallmark pathways,Elastic Net,502,0.44125213547965625,0.491296987500291,0.8401983163972776,0.3516741077215929,0.5213217015272505,0.418015707714471,0.5522103686898572,1000,Correlations only; PRISM and GDSC outcomes use different measurement scales.
GDSC1_heldout_all_expression_sources,GDSC1,LN_IC50,Hallmark pathways,Random forest,502,0.3170090911731651,0.31185385717519676,0.47636245383472925,0.2432947607920748,0.3932299293266257,0.23212667585462254,0.39252225203037405,1000,Correlations only; PRISM and GDSC outcomes use different measurement scales.
GDSC1_heldout_all_expression_sources,GDSC1,AUC,Hallmark pathways,Mean baseline,502,,,0.0,,,,,0,Correlations only; PRISM and GDSC outcomes use different measurement scales.
GDSC1_heldout_all_expression_sources,GDSC1,AUC,Hallmark pathways,Elastic Net,502,0.40282885160720844,0.4571531139522101,0.8401983163972776,0.30668140738930305,0.48477850091213076,0.3856469823688324,0.5243221918045491,1000,Correlations only; PRISM and GDSC outcomes use different measurement scales.
GDSC1_heldout_all_expression_sources,GDSC1,AUC,Hallmark pathways,Random forest,502,0.2748823788632051,0.24703846487124442,0.47636245383472925,0.1978097976555385,0.34593881515703445,0.16348714629403271,0.32511049586342566,1000,Correlations only; PRISM and GDSC outcomes use different measurement scales.
